SET SEARCH_PATH = 'test_mod_roles_keycloak';

INSERT INTO role (id, name, description, created_by, created_date, updated_by, updated_date)
  VALUES ('5a3a3b6d-ea37-4faf-98fe-91ded163a89e', 'Circulation Manager', 'Role for Circulation Manager',
          null, '2024-02-24 12:00:00+00:00', null, null),
         ('c14cfe6f-b971-4117-884c-7b5efd1cf076', 'Circulation Student', 'Role for Circulation Student',
          null, '2024-02-24 12:00:00+00:00', null, null);

INSERT INTO role_loadable (id, type)
  VALUES ('5a3a3b6d-ea37-4faf-98fe-91ded163a89e', 'DEFAULT'),
         ('c14cfe6f-b971-4117-884c-7b5efd1cf076', 'DEFAULT');

INSERT INTO role_loadable_permission (role_loadable_id, folio_permission, capability_id, capability_set_id,
                                      created_by, created_date, updated_by, updated_date)
  VALUES ('5a3a3b6d-ea37-4faf-98fe-91ded163a89e', 'ui-checkin.all', null, null, null, '2024-02-24 12:00:00+00:00', null, null),
        ('5a3a3b6d-ea37-4faf-98fe-91ded163a89e', 'ui-checkout.all', null, null, null, '2024-02-24 12:00:00+00:00', null, null),
        ('5a3a3b6d-ea37-4faf-98fe-91ded163a89e', 'ui-inventory.instance.view', null, null, null, '2024-02-24 12:00:00+00:00', null, null),
        ('5a3a3b6d-ea37-4faf-98fe-91ded163a89e', 'ui-inventory.item.markasmissing', null, null, null, '2024-02-24 12:00:00+00:00', null, null),
        ('5a3a3b6d-ea37-4faf-98fe-91ded163a89e', 'ui-notes.item.assign-unassign', null, null, null, '2024-02-24 12:00:00+00:00', null, null),
        ('5a3a3b6d-ea37-4faf-98fe-91ded163a89e', 'ui-notes.item.create', null, null, null, '2024-02-24 12:00:00+00:00', null, null),
        ('5a3a3b6d-ea37-4faf-98fe-91ded163a89e', 'ui-notes.item.delete', null, null, null, '2024-02-24 12:00:00+00:00', null, null),
        ('5a3a3b6d-ea37-4faf-98fe-91ded163a89e', 'ui-notes.item.edit', null, null, null, '2024-02-24 12:00:00+00:00', null, null),
        ('5a3a3b6d-ea37-4faf-98fe-91ded163a89e', 'ui-notes.item.view', null, null, null, '2024-02-24 12:00:00+00:00', null, null),
        ('5a3a3b6d-ea37-4faf-98fe-91ded163a89e', 'ui-plugin-create-inventory-records.create', null, null, null, '2024-02-24 12:00:00+00:00', null, null),
        ('5a3a3b6d-ea37-4faf-98fe-91ded163a89e', 'ui-requests.all', null, null, null, '2024-02-24 12:00:00+00:00', null, null),
        ('5a3a3b6d-ea37-4faf-98fe-91ded163a89e', 'ui-tags.all', null, null, null, '2024-02-24 12:00:00+00:00', null, null),
        ('5a3a3b6d-ea37-4faf-98fe-91ded163a89e', 'ui-tags.view', null, null, null, '2024-02-24 12:00:00+00:00', null, null),
        ('5a3a3b6d-ea37-4faf-98fe-91ded163a89e', 'ui-users.cashDrawerReport', null, null, null, '2024-02-24 12:00:00+00:00', null, null),
        ('5a3a3b6d-ea37-4faf-98fe-91ded163a89e', 'ui-users.delete', null, null, null, '2024-02-24 12:00:00+00:00', null, null),
        ('5a3a3b6d-ea37-4faf-98fe-91ded163a89e', 'ui-users.edit', null, null, null, '2024-02-24 12:00:00+00:00', null, null),
        ('5a3a3b6d-ea37-4faf-98fe-91ded163a89e', 'ui-users.editperms', null, null, null, '2024-02-24 12:00:00+00:00', null, null),
        ('5a3a3b6d-ea37-4faf-98fe-91ded163a89e', 'ui-users.editproxies', null, null, null, '2024-02-24 12:00:00+00:00', null, null),
        ('5a3a3b6d-ea37-4faf-98fe-91ded163a89e', 'ui-users.edituserservicepoints', null, null, null, '2024-02-24 12:00:00+00:00', null, null),
        ('5a3a3b6d-ea37-4faf-98fe-91ded163a89e', 'ui-users.feefineactions', null, null, null, '2024-02-24 12:00:00+00:00', null, null),
        ('5a3a3b6d-ea37-4faf-98fe-91ded163a89e', 'ui-users.feesfines.actions.all', null, null, null, '2024-02-24 12:00:00+00:00', null, null),
        ('5a3a3b6d-ea37-4faf-98fe-91ded163a89e', 'ui-users.financialTransactionReport', null, null, null, '2024-02-24 12:00:00+00:00', null, null),
        ('5a3a3b6d-ea37-4faf-98fe-91ded163a89e', 'ui-users.loans.add-patron-info', null, null, null, '2024-02-24 12:00:00+00:00', null, null),
        ('5a3a3b6d-ea37-4faf-98fe-91ded163a89e', 'ui-users.loans.add-staff-info', null, null, null, '2024-02-24 12:00:00+00:00', null, null),
        ('5a3a3b6d-ea37-4faf-98fe-91ded163a89e', 'ui-users.loans.all', null, null, null, '2024-02-24 12:00:00+00:00', null, null),
        ('5a3a3b6d-ea37-4faf-98fe-91ded163a89e', 'ui-users.loans.claim-item-returned', null, null, null, '2024-02-24 12:00:00+00:00', null, null),
        ('5a3a3b6d-ea37-4faf-98fe-91ded163a89e', 'ui-users.loans.declare-claimed-returned-item-as-missing', null, null, null, '2024-02-24 12:00:00+00:00', null, null),
        ('5a3a3b6d-ea37-4faf-98fe-91ded163a89e', 'ui-users.loans.declare-item-lost', null, null, null, '2024-02-24 12:00:00+00:00', null, null),
        ('5a3a3b6d-ea37-4faf-98fe-91ded163a89e', 'ui-users.loans.renew', null, null, null, '2024-02-24 12:00:00+00:00', null, null),
        ('5a3a3b6d-ea37-4faf-98fe-91ded163a89e', 'ui-users.loans.renew-override', null, null, null, '2024-02-24 12:00:00+00:00', null, null),
        ('5a3a3b6d-ea37-4faf-98fe-91ded163a89e', 'ui-users.lost-items.requiring-actual-cost', null, null, null, '2024-02-24 12:00:00+00:00', null, null),
        ('5a3a3b6d-ea37-4faf-98fe-91ded163a89e', 'ui-users.manualProcessRefundsReport', null, null, null, '2024-02-24 12:00:00+00:00', null, null),
        ('5a3a3b6d-ea37-4faf-98fe-91ded163a89e', 'ui-users.opentransactions', null, null, null, '2024-02-24 12:00:00+00:00', null, null),
        ('5a3a3b6d-ea37-4faf-98fe-91ded163a89e', 'ui-users.patron_blocks', null, null, null, '2024-02-24 12:00:00+00:00', null, null),
        ('5a3a3b6d-ea37-4faf-98fe-91ded163a89e', 'ui-users.requests.all', null, null, null, '2024-02-24 12:00:00+00:00', null, null),
        ('5a3a3b6d-ea37-4faf-98fe-91ded163a89e', 'ui-users.reset.password', null, null, null, '2024-02-24 12:00:00+00:00', null, null),
        ('5a3a3b6d-ea37-4faf-98fe-91ded163a89e', 'ui-users.view', null, null, null, '2024-02-24 12:00:00+00:00', null, null),
        ('5a3a3b6d-ea37-4faf-98fe-91ded163a89e', 'ui-users.viewperms', null, null, null, '2024-02-24 12:00:00+00:00', null, null),
        ('5a3a3b6d-ea37-4faf-98fe-91ded163a89e', 'ui-users.viewproxies', null, null, null, '2024-02-24 12:00:00+00:00', null, null),
        ('5a3a3b6d-ea37-4faf-98fe-91ded163a89e', 'ui-users.viewuserservicepoints', null, null, null, '2024-02-24 12:00:00+00:00', null, null),
        ('c14cfe6f-b971-4117-884c-7b5efd1cf076', 'ui-checkin.all', null, null, null, '2024-02-24 12:00:00+00:00', null, null),
        ('c14cfe6f-b971-4117-884c-7b5efd1cf076', 'ui-checkout.circulation', null, null, null, '2024-02-24 12:00:00+00:00', null, null),
        ('c14cfe6f-b971-4117-884c-7b5efd1cf076', 'ui-circulation-log.log-event.view', null, null, null, '2024-02-24 12:00:00+00:00', null, null),
        ('c14cfe6f-b971-4117-884c-7b5efd1cf076', 'ui-inventory.instance.view', null, null, null, '2024-02-24 12:00:00+00:00', null, null),
        ('c14cfe6f-b971-4117-884c-7b5efd1cf076', 'ui-notes.item.assign-unassign', null, null, null, '2024-02-24 12:00:00+00:00', null, null),
        ('c14cfe6f-b971-4117-884c-7b5efd1cf076', 'ui-notes.item.create', null, null, null, '2024-02-24 12:00:00+00:00', null, null),
        ('c14cfe6f-b971-4117-884c-7b5efd1cf076', 'ui-notes.item.view', null, null, null, '2024-02-24 12:00:00+00:00', null, null),
        ('c14cfe6f-b971-4117-884c-7b5efd1cf076', 'ui-plugin-create-inventory-records.create', null, null, null, '2024-02-24 12:00:00+00:00', null, null),
        ('c14cfe6f-b971-4117-884c-7b5efd1cf076', 'ui-requests.create', null, null, null, '2024-02-24 12:00:00+00:00', null, null),
        ('c14cfe6f-b971-4117-884c-7b5efd1cf076', 'ui-tags.view', null, null, null, '2024-02-24 12:00:00+00:00', null, null),
        ('c14cfe6f-b971-4117-884c-7b5efd1cf076', 'ui-users.feesfines.view', null, null, null, '2024-02-24 12:00:00+00:00', null, null),
        ('c14cfe6f-b971-4117-884c-7b5efd1cf076', 'ui-users.loans.renew', null, null, null, '2024-02-24 12:00:00+00:00', null, null),
        ('c14cfe6f-b971-4117-884c-7b5efd1cf076', 'ui-users.loans.view', null, null, null, '2024-02-24 12:00:00+00:00', null, null),
        ('c14cfe6f-b971-4117-884c-7b5efd1cf076', 'ui-users.requests.all', null, null, null, '2024-02-24 12:00:00+00:00', null, null),
        ('c14cfe6f-b971-4117-884c-7b5efd1cf076', 'ui-users.view', null, null, null, '2024-02-24 12:00:00+00:00', null, null),
        ('c14cfe6f-b971-4117-884c-7b5efd1cf076', 'ui-users.viewperms', null, null, null, '2024-02-24 12:00:00+00:00', null, null),
        ('c14cfe6f-b971-4117-884c-7b5efd1cf076', 'ui-users.viewproxies', null, null, null, '2024-02-24 12:00:00+00:00', null, null),
        ('c14cfe6f-b971-4117-884c-7b5efd1cf076', 'ui-users.viewuserservicepoints', null, null, null, '2024-02-24 12:00:00+00:00', null, null);
